Book Title,Price
"The Coming Woman: A Novel Based on the Life of the Infamous Feminist, Victoria Woodhull",Â£17.93
The Boys in the Boat: Nine Americans and Their Epic Quest for Gold at the 1936 Berlin Olympics,Â£22.60
"Starving Hearts (Triangular Trade Trilogy, #1)",Â£13.99
America's Cradle of Quarterbacks: Western Pennsylvania's Football Factory from Johnny Unitas to Joe Montana,Â£22.50
Aladdin and His Wonderful Lamp,Â£53.13
Penny Maybe,Â£33.29
Maude (1883-1993):She Grew Up with the country,Â£18.02
"The Inefficiency Assassin: Time Management Tactics for Working Smarter, Not Longer",Â£20.59
Soul Reader,Â£39.58
Bossypants,Â£49.46
A World of Flavor: Your Gluten Free Passport,Â£42.95
"A Piece of Sky, a Grain of Rice: A Memoir in Four Meditations",Â£56.76
Tracing Numbers on a Train,Â£41.60
Thirteen Reasons Why,Â£52.72
The Secret (The Secret #1),Â£27.37
The Psychopath Test: A Journey Through the Madness Industry,Â£36.00
The Kite Runner,Â£41.82
The Girl on the Train,Â£55.02
The Emerald Mystery,Â£23.15
The Bridge to Consciousness: I'm Writing the Bridge Between Science and Our Old and New Beliefs.,Â£32.00
The Art of War,Â£33.34
Secrets and Lace (Fatal Hearts #1),Â£20.27
Romero and Juliet: A Tragic Tale of Love and Zombies,Â£36.94
Poses for Artists Volume 1 - Dynamic and Sitting Poses: An Essential Reference for Figure Drawing and the Human Form,Â£41.06
Miss Peregrineâs Home for Peculiar Children (Miss Peregrineâs Peculiar Children #1),Â£10.76
Large Print Heart of the Pride,Â£19.15
Grumbles,Â£22.16
First Steps for New Christians (Print Edition),Â£29.00
Eureka Trivia 6.0,Â£54.59
Drive: The Surprising Truth About What Motivates Us,Â£34.95
Done Rubbed Out (Reightman & Bailey #1),Â£37.72
Beauty Restored (Riley Family Legacy Novellas #3),Â£11.11
Ayumi's Violin,Â£15.48
Anonymous,Â£46.82
Amy Meets the Saints and Sages,Â£18.46
Amatus,Â£50.54
V for Vendetta (V for Vendetta Complete),Â£37.10
"Unbroken: A World War II Story of Survival, Resilience, and Redemption",Â£45.95
The Wright Brothers,Â£56.80
The Songs of the Gods,Â£44.48
The Rosie Project (Don Tillman #1),Â£54.04
The Power of Habit: Why We Do What We Do in Life and Business,Â£16.88
Steve Jobs,Â£39.50
Luckiest Girl Alive,Â£49.83
"Living Leadership by Insight: A Good Leader Achieves, a Great Leader Builds Monuments",Â£46.91
Lady Midnight (The Dark Artifices #1),Â£16.28
"Hush, Hush (Hush, Hush #1)",Â£47.02
Greek Mythic History,Â£10.23
Every Last Word,Â£46.47
Daily Fantasy Sports,Â£36.58
Clockwork Angel (The Infernal Devices #1),Â£44.14
City of Fallen Angels (The Mortal Instruments #4),Â£11.23
City of Bones (The Mortal Instruments #1),Â£43.28
City of Ashes (The Mortal Instruments #2),Â£47.27
"Carry On, Warrior: Thoughts on Life Unarmed",Â£31.85
Carrie,Â£46.23
Angels & Demons (Robert Langdon #1),Â£51.48
"The Three Searches, Meaning, and the Story",Â£13.33
Raspberry Pi Electronics Projects for the Evil Genius,Â£49.67
How to Speak Golf: An Illustrated Guide to Links Lingo,Â£58.32
Eleanor & Park,Â£56.51
Troublemaker: Surviving Hollywood and Scientology,Â£48.39
Adultery,Â£20.88
Unlimited Intuition Now,Â£58.87
Underlying Notes,Â£11.82
The New Brand You: Your New Image Makes the Sale for You,Â£44.05
The Flowers Lied,Â£16.68
"NaNo What Now? Finding your editing process, revising your NaNoWriMo book and building a writing career through publishing and beyond",Â£10.41
Modern Day Fables,Â£47.44
The Unlikely Pilgrimage of Harold Fry (Harold Fry #1),Â£43.62
The Martian (The Martian #1),Â£41.39
Left Behind (Left Behind #1),Â£40.72
John Vassos: Industrial Design for Modern Life,Â£20.22
I'll Give You the Sun,Â£56.48
Heaven is for Real: A Little Boy's Astounding Story of His Trip to Heaven and Back,Â£52.86
Ender's Game (The Ender Quintet #1),Â£43.64
Death by Leisure: A Cautionary Tale,Â£37.51
Wildlife of New York: A Five-Borough Coloring Book,Â£22.14
The Year of Living Biblically: One Man's Humble Quest to Follow the Bible as Literally as Possible,Â£34.72
The Great Gatsby,Â£36.05
The Good Girl,Â£49.03
The 7 Habits of Highly Effective People: Powerful Lessons in Personal Change,Â£33.17
Steal Like an Artist: 10 Things Nobody Told You About Being Creative,Â£20.90
Life of Pi,Â£13.22
The Sound Of Love,Â£57.84
The Perks of Being a Wallflower,Â£55.02
The Makings of a Fatherless Child,Â£31.58
The Hobbit (Middle-Earth Universe),Â£17.80
The Fellowship of the Ring (The Lord of the Rings #1),Â£10.27
Ship Leaves Harbor: Essays on Travel by a Recovering Journeyman,Â£30.60
Musicophilia: Tales of Music and the Brain,Â£46.58
What If?: Serious Scientific Answers to Absurd Hypothetical Questions,Â£53.68
The Fault in Our Stars,Â£47.22
The Dream Thieves (The Raven Cycle #2),Â£34.50
The 5th Wave (The 5th Wave #1),Â£11.83
Shiver (The Wolves of Mercy Falls #1),Â£16.23
Remember Me?,Â£11.48
If I Stay (If I Stay #1),Â£38.13
I Know Why the Caged Bird Sings (Maya Angelou's Autobiography #1),Â£36.55
Harry Potter and the Deathly Hallows (Harry Potter #7),Â£23.32
Fool Me Once,Â£16.96
Drama,Â£38.70
"Blue Lily, Lily Blue (The Raven Cycle #3)",Â£34.13
Alight (The Generations Trilogy #2),Â£58.59
Vogue Colors A to Z: A Fashion Coloring Book,Â£52.35
The Shining (The Shining #1),Â£27.88
The Hunger Games (The Hunger Games #1),Â£29.85
Outlander (Outlander #1),Â£19.67
Mockingjay (The Hunger Games #3),Â£20.44
Harry Potter and the Sorcerer's Stone (Harry Potter #1),Â£13.90
Confessions of a Shopaholic (Shopaholic #1),Â£48.94
Zero History (Blue Ant #3),Â£34.77
World War Z: An Oral History of the Zombie War,Â£21.80
Wild: From Lost to Found on the Pacific Crest Trail,Â£46.02
"Where'd You Go, Bernadette",Â£18.13
Twilight (Twilight #1),Â£41.93
The Paris Wife,Â£36.80
The Maze Runner (The Maze Runner #1),Â£20.93
The Lover's Dictionary,Â£58.09
The Goldfinch,Â£43.58
The Giver (The Giver Quartet #1),Â£12.30
The Girl Who Played with Fire (Millennium Trilogy #2),Â£22.14
The Demon-Haunted World: Science as a Candle in the Dark,Â£52.25
The Book Thief,Â£53.49
The Autobiography of Malcolm X,Â£23.43
Shopaholic & Baby (Shopaholic #5),Â£46.45
Quiet: The Power of Introverts in a World That Can't Stop Talking,Â£43.55
Packing for Mars: The Curious Science of Life in the Void,Â£56.68
Orange Is the New Black,Â£24.61
One for the Money (Stephanie Plum #1),Â£32.87
Morning Star (Red Rising #3),Â£29.40
Life After Life,Â£26.13
"Lean In: Women, Work, and the Will to Lead",Â£25.02
Is Everyone Hanging Out Without Me? (And Other Concerns),Â£20.11
Gone Girl,Â£37.60
Fellside,Â£38.62
Eclipse (Twilight #3),Â£18.74
Dracula,Â£52.62
Dead Wake: The Last Crossing of the Lusitania,Â£39.24
"David and Goliath: Underdogs, Misfits, and the Art of Battling Giants",Â£17.81
Dark Places,Â£23.90
Breaking Dawn (Twilight #4),Â£35.28
Beautiful Creatures (Caster Chronicles #1),Â£21.55
A Visit from the Goon Squad,Â£14.08
The Zombie Room,Â£19.69
The Name of the Wind (The Kingkiller Chronicle #1),Â£50.59
Taking Shots (Assassins #1),Â£18.88
Shatter Me (Shatter Me #1),Â£42.40
Paradise Lost (Paradise #1),Â£24.96
On the Road (Duluoz Legend),Â£32.36
Jane Eyre,Â£38.43
Frankenstein,Â£38.00
